거래금액,건축년도,년,법정동,아파트,월,일,전용면적,지번,지역코드,층
51000,1993,2018,분당동,장안타운(건영),8,1~10,70.68,66,41135,1
39000,1993,2018,분당동,장안타운(건영),8,1~10,53.72,66,41135,2
70000,1992,2018,분당동,샛별마을(동성),8,1~10,84.82,35,41135,10
75000,1993,2018,분당동,장안타운(건영),8,1~10,131.55,66,41135,7
48500,1992,2018,분당동,샛별마을(라이프),8,1~10,58.17,34,41135,7
61000,1994,2018,분당동,장안타운(건영),8,1~10,85.0,66,41135,4
53800,1992,2018,분당동,샛별마을(삼부),8,1~10,59.82,39,41135,1
68000,1994,2018,분당동,샛별마을(우방),8,11~20,72.32,38,41135,17
54500,1993,2018,분당동,장안타운(건영),8,11~20,70.68,66,41135,10
47700,1992,2018,분당동,샛별마을(라이프),8,11~20,58.17,34,41135,6
55000,1994,2018,분당동,샛별마을(우방),8,11~20,57.28,38,41135,6
73000,1992,2018,분당동,샛별마을(삼부),8,11~20,84.6,39,41135,6
74925,1992,2018,분당동,샛별마을(삼부),8,11~20,84.6,39,41135,12
55000,1994,2018,분당동,샛별마을(우방),8,11~20,57.28,38,41135,5
50500,1994,2018,분당동,샛별마을(우방),8,11~20,57.28,38,41135,4
85400,1993,2018,분당동,샛별마을(라이프),8,11~20,126.415,34,41135,16
85500,1993,2018,분당동,샛별마을(라이프),8,11~20,126.415,34,41135,6
50000,1992,2018,분당동,샛별마을(동성),8,11~20,59.4,35,41135,1
70000,1993,2018,분당동,샛별마을(라이프),8,11~20,84.99,34,41135,5
54000,1993,2018,분당동,장안타운(건영),8,11~20,70.68,66,41135,10
54700,1993,2018,분당동,장안타운(건영),8,11~20,70.68,66,41135,11
78000,1994,2018,분당동,샛별마을(우방),8,11~20,84.99,38,41135,11
50000,1994,2018,분당동,샛별마을(우방),8,11~20,57.28,38,41135,13
52000,1994,2018,분당동,샛별마을(우방),8,11~20,57.28,38,41135,1
41000,1993,2018,분당동,장안타운(건영),8,11~20,53.72,66,41135,5
72000,1993,2018,분당동,장안타운(건영),8,11~20,131.55,66,41135,10
74000,1992,2018,분당동,샛별마을(라이프),8,11~20,85.0,34,41135,11
64700,1994,2018,분당동,장안타운(건영),8,11~20,85.0,66,41135,14
71000,1992,2018,분당동,샛별마을(라이프),8,11~20,85.0,34,41135,12
63000,1993,2018,분당동,장안타운(건영),8,11~20,85.0,66,41135,3
51000,1992,2018,분당동,샛별마을(동성),8,11~20,59.4,35,41135,10
70800,1992,2018,분당동,샛별마을(라이프),8,11~20,85.0,34,41135,3
79500,1992,2018,분당동,샛별마을(삼부),8,11~20,84.6,39,41135,2
71000,1992,2018,분당동,샛별마을(라이프),8,11~20,85.0,34,41135,11
54000,1993,2018,분당동,장안타운(건영),8,21~31,70.68,66,41135,4
49400,1993,2018,분당동,장안타운(건영),8,21~31,67.73,66,41135,11
75000,1993,2018,분당동,샛별마을(라이프),8,21~31,84.99,34,41135,20
69500,1993,2018,분당동,샛별마을(라이프),8,21~31,78.52,34,41135,2
78000,1993,2018,분당동,샛별마을(라이프),8,21~31,84.99,34,41135,12
51000,1993,2018,분당동,장안타운(건영),8,21~31,67.73,66,41135,10
42900,1993,2018,분당동,장안타운(건영),8,21~31,53.72,66,41135,8
57800,1993,2018,분당동,장안타운(건영),8,21~31,70.68,66,41135,9
43500,1993,2018,분당동,장안타운(건영),8,21~31,53.72,66,41135,4
75000,1994,2018,분당동,장안타운(건영),8,21~31,131.76,66,41135,11
79000,1992,2018,분당동,샛별마을(동성),8,21~31,84.82,35,41135,8
54800,1993,2018,수내동,양지마을(5단지)(한양515-529),8,1~10,59.76,24,41135,22
81900,1993,2018,수내동,푸른마을(쌍용),8,1~10,84.72,75,41135,17
95000,1992,2018,수내동,양지마을(5단지)(한양515-529),8,1~10,101.93,24,41135,7
94000,1993,2018,수내동,파크타운(롯데),8,1~10,101.835,55,41135,9
91500,1992,2018,수내동,양지마을(금호1),8,1~10,84.9,32,41135,5
103000,1993,2018,수내동,파크타운(롯데),8,1~10,134.91,55,41135,24
138000,1993,2018,수내동,양지마을(금호1),8,1~10,198.45,32,41135,7
83000,1993,2018,수내동,푸른마을(쌍용),8,1~10,84.72,75,41135,10
93500,1993,2018,수내동,파크타운(서안),8,1~10,101.91,52,41135,14
85000,1992,2018,수내동,양지마을(금호1),8,1~10,84.9,32,41135,5
81500,1993,2018,수내동,푸른마을(쌍용),8,1~10,84.72,75,41135,19
88000,1993,2018,수내동,파크타운(삼익),8,1~10,84.6,54,41135,8
93700,1992,2018,수내동,푸른마을(쌍용),8,1~10,131.4,75,41135,2
86500,1992,2018,수내동,양지마을(3단지)(금호),8,1~10,101.91,27,41135,1
123000,1992,2018,수내동,양지마을(2단지)(청구),8,1~10,134.8,32,41135,6
105000,1993,2018,수내동,파크타운(롯데),8,11~20,131.49,55,41135,2
55300,1993,2018,수내동,파크타운(서안),8,11~20,59.32,52,41135,13
41500,1993,2018,수내동,양지마을(5단지)(한양501-514),8,11~20,35.1,24,41135,7
103000,1993,2018,수내동,파크타운(롯데),8,11~20,134.91,55,41135,16
54600,1992,2018,수내동,푸른마을(쌍용),8,11~20,59.78,75,41135,2
105000,1993,2018,수내동,파크타운(삼익),8,11~20,131.49,54,41135,3
112000,1993,2018,수내동,파크타운(롯데),8,11~20,131.49,55,41135,3
120000,1992,2018,수내동,양지마을(2단지)(청구),8,11~20,134.8,32,41135,21
120000,1992,2018,수내동,양지마을(2단지)(청구),8,11~20,134.8,32,41135,5
93700,1993,2018,수내동,파크타운(삼익),8,11~20,101.91,54,41135,16
88000,1992,2018,수내동,양지마을(2단지)(청구),8,11~20,84.99,32,41135,6
105000,1993,2018,수내동,파크타운(서안),8,11~20,131.49,52,41135,6
101500,1992,2018,수내동,푸른마을(벽산),8,11~20,131.4,71,41135,5
90000,1993,2018,수내동,파크타운(삼익),8,11~20,101.835,54,41135,10
115000,1992,2018,수내동,양지마을(금호1),8,11~20,133.82,32,41135,10
85000,1993,2018,수내동,푸른마을(신성),8,11~20,84.72,73,41135,12
96500,1992,2018,수내동,푸른마을(쌍용),8,11~20,131.4,75,41135,10
84000,1993,2018,수내동,푸른마을(쌍용),8,11~20,84.72,75,41135,7
85500,1992,2018,수내동,푸른마을(벽산),8,11~20,101.82,71,41135,1
110000,1992,2018,수내동,양지마을(3단지)(금호),8,11~20,134.48,27,41135,3
80500,1993,2018,수내동,파크타운(서안),8,11~20,84.78,52,41135,22
92000,1993,2018,수내동,파크타운(대림),8,11~20,84.6,51,41135,11
95000,1993,2018,수내동,파크타운(롯데),8,11~20,101.91,55,41135,10
103000,1992,2018,수내동,푸른마을(쌍용),8,11~20,131.4,75,41135,11
58000,1992,2018,수내동,양지마을(5단지)(한양501-514),8,11~20,48.51,24,41135,1
104000,1992,2018,수내동,푸른마을(벽산),8,11~20,131.4,71,41135,7
80500,1992,2018,수내동,양지마을(5단지)(한양515-529),8,11~20,84.9,24,41135,1
103800,1992,2018,수내동,푸른마을(쌍용),8,11~20,131.4,75,41135,10
42250,1993,2018,수내동,양지마을(5단지)(한양501-514),8,11~20,35.1,24,41135,13
53500,1992,2018,수내동,푸른마을(벽산),8,11~20,59.78,71,41135,4
89000,1992,2018,수내동,양지마을(금호1),8,11~20,84.9,32,41135,3
82000,1993,2018,수내동,푸른마을(쌍용),8,11~20,84.72,75,41135,17
100000,1992,2018,수내동,양지마을(3단지)(금호),8,11~20,101.91,27,41135,13
98000,1992,2018,수내동,양지마을(3단지)(금호),8,11~20,101.91,27,41135,9
57000,1993,2018,수내동,파크타운(서안),8,11~20,59.32,52,41135,17
97500,1993,2018,수내동,파크타운(서안),8,11~20,101.91,52,41135,14
93500,1993,2018,수내동,파크타운(대림),8,11~20,84.6,51,41135,9
86000,1992,2018,수내동,양지마을(5단지)(한양515-529),8,11~20,84.9,24,41135,4
123000,1993,2018,수내동,파크타운(대림),8,11~20,131.49,51,41135,10
77000,1993,2018,수내동,파크타운(서안),8,21~31,84.78,52,41135,10
115000,1993,2018,수내동,파크타운(롯데),8,21~31,131.49,55,41135,5
98000,1993,2018,수내동,파크타운(롯데),8,21~31,101.91,55,41135,9
38000,1993,2018,수내동,양지마을(5단지)(한양501-514),8,21~31,35.1,24,41135,1
79500,1993,2018,수내동,파크타운(대림),8,21~31,84.78,51,41135,16
57000,1992,2018,수내동,푸른마을(신성),8,21~31,59.78,73,41135,3
93000,1993,2018,수내동,파크타운(롯데),8,21~31,101.91,55,41135,3
107800,1992,2018,수내동,푸른마을(벽산),8,21~31,131.4,71,41135,10
79800,1993,2018,수내동,파크타운(서안),8,21~31,84.78,52,41135,8
117000,1993,2018,수내동,파크타운(삼익),8,21~31,134.413,54,41135,16
93500,1992,2018,수내동,양지마을(5단지)(한양515-529),8,21~31,84.9,24,41135,19
125000,1993,2018,수내동,파크타운(대림),8,21~31,134.91,51,41135,12
125000,1992,2018,수내동,양지마을(3단지)(금호),8,21~31,134.48,27,41135,19
115000,1993,2018,수내동,푸른마을(쌍용),8,21~31,163.83,75,41135,19
80800,1993,2018,수내동,파크타운(대림),8,21~31,84.78,51,41135,18
103000,1993,2018,수내동,파크타운(삼익),8,21~31,101.835,54,41135,13
140000,1993,2018,수내동,파크타운(롯데),8,21~31,186.099,55,41135,16
109000,1993,2018,수내동,푸른마을(벽산),8,21~31,163.83,71,41135,11
99000,1993,2018,수내동,파크타운(대림),8,21~31,101.91,51,41135,15
52000,1993,2018,수내동,양지마을(5단지)(한양501-514),8,21~31,42.56,24,41135,6
95000,1992,2018,수내동,푸른마을(쌍용),8,21~31,101.82,75,41135,10
105000,1993,2018,수내동,파크타운(롯데),8,21~31,101.835,55,41135,7
145000,1992,2018,수내동,양지마을(2단지)(청구),8,21~31,173.965,32,41135,17
105000,1992,2018,수내동,푸른마을(쌍용),8,21~31,131.4,75,41135,8
98000,1992,2018,수내동,푸른마을(신성),8,21~31,101.82,73,41135,5
101000,1992,2018,수내동,양지마을(2단지)(청구),8,21~31,84.99,32,41135,17
111000,1992,2018,수내동,양지마을(5단지)(한양515-529),8,21~31,134.55,24,41135,13
97000,1992,2018,수내동,푸른마을(신성),8,21~31,101.82,73,41135,14
53600,1994,2018,정자동,정든마을(7단지)(한진),8,1~10,49.5,194,41135,7
125000,2003,2018,정자동,미켈란쉐르빌,8,1~10,165.25,180,41135,30
42000,1994,2018,정자동,한솔마을(4단지)(주공),8,1~10,42.75,102,41135,7
80000,1994,2018,정자동,느티마을(4단지)(공무원),8,1~10,67.43,90,41135,5
85500,1995,2018,정자동,정든마을(5단지)(신화),8,1~10,101.82,192,41135,9
42900,1994,2018,정자동,정든마을(6단지)(우성),8,1~10,48.84,198,41135,12
110000,2007,2018,정자동,분당더샵스타파크,8,1~10,116.7905,174-1,41135,27
60000,1993,2018,정자동,한솔마을(3단지)(한일),8,1~10,59.96,107,41135,12
67000,1994,2018,정자동,정든마을(7단지)(한진),8,1~10,68.04,194,41135,12
40800,1994,2018,정자동,정든마을(6단지)(우성),8,1~10,48.84,198,41135,5
45000,1994,2018,정자동,한솔마을(5단지)(주공),8,1~10,41.85,112,41135,10
41000,1994,2018,정자동,한솔마을(5단지)(주공),8,1~10,41.85,112,41135,13
105000,2003,2018,정자동,미켈란쉐르빌,8,1~10,165.25,180,41135,18
52300,1995,2018,정자동,정든마을(8단지)(한진),8,1~10,49.5,192,41135,7
77000,1995,2018,정자동,정든마을(4단지)(우성),8,1~10,129.72,197,41135,11
82000,1994,2018,정자동,상록마을(우성)1,8,1~10,69.12,121,41135,7
65900,1994,2018,정자동,느티마을(4단지)(공무원),8,1~10,58.19,90,41135,9
105000,2007,2018,정자동,분당더샵스타파크,8,1~10,117.2333,174-1,41135,10
47000,1994,2018,정자동,한솔마을(5단지)(주공),8,1~10,42.75,112,41135,23
86800,1995,2018,정자동,상록마을(라이프2차),8,1~10,84.78,125,41135,16
45500,1994,2018,정자동,한솔마을(1단지)(청구),8,1~10,49.35,110,41135,7
41400,1994,2018,정자동,정든마을(6단지)(우성),8,1~10,48.84,198,41135,4
97800,2003,2018,정자동,현대I-PARK1,8,1~10,146.1,9,41135,3
84000,1994,2018,정자동,상록마을(우성)1,8,1~10,84.97,121,41135,15
41000,1994,2018,정자동,한솔마을(4단지)(주공),8,1~10,42.75,102,41135,20
59900,1995,2018,정자동,한솔마을(6단지)(주공),8,1~10,58.71,117,41135,4
123000,1995,2018,정자동,상록마을(우성)1,8,1~10,129.72,121,41135,10
73800,1994,2018,정자동,한솔마을(1단지)(청구),8,1~10,84.965,110,41135,8
35800,1995,2018,정자동,한솔마을(6단지)(주공),8,1~10,37.67,117,41135,1
50500,1995,2018,정자동,상록마을(임광),8,1~10,48.84,181,41135,7
90000,1994,2018,정자동,느티마을(3단지)(공무원),8,1~10,66.6,88,41135,8
80500,2003,2018,정자동,현대I-PARK1,8,1~10,80.31,9,41135,17
40900,1995,2018,정자동,한솔마을(6단지)(주공),8,1~10,37.67,117,41135,8
62500,1994,2018,정자동,상록마을(우성)1,8,1~10,57.27,121,41135,9
79500,1995,2018,정자동,느티마을(4단지)(공무원),8,1~10,58.71,90,41135,7
62500,1994,2018,정자동,상록마을(우성)1,8,1~10,57.27,121,41135,6
41000,1994,2018,정자동,한솔마을(5단지)(주공),8,1~10,41.85,112,41135,2
145000,2003,2018,정자동,로얄팰리스,8,1~10,244.49,28-1,41135,16
35600,1994,2018,정자동,한솔마을(4단지)(주공),8,1~10,35.28,102,41135,5
74000,1995,2018,정자동,느티마을(3단지)(공무원),8,1~10,58.71,88,41135,10
73000,1995,2018,정자동,정든마을(6단지)(우성),8,1~10,84.97,198,41135,12
72500,1995,2018,정자동,정든마을(6단지)(우성),8,1~10,84.97,198,41135,11
44000,1994,2018,정자동,한솔마을(5단지)(주공),8,11~20,41.85,112,41135,7
114000,1995,2018,정자동,상록마을(우성)1,8,11~20,129.72,121,41135,20
31000,1994,2018,정자동,한솔마을(4단지)(주공),8,11~20,35.28,102,41135,1
79200,2003,2018,정자동,현대I-PARK1,8,11~20,78.87,9,41135,34
40000,1994,2018,정자동,한솔마을(4단지)(주공),8,11~20,41.85,102,41135,14
64500,1995,2018,정자동,한솔마을(6단지)(주공),8,11~20,58.71,117,41135,18
39000,1995,2018,정자동,한솔마을(6단지)(주공),8,11~20,37.67,117,41135,4
96000,1995,2018,정자동,상록마을(라이프1차),8,11~20,128.7,124,41135,4
34700,1994,2018,정자동,한솔마을(4단지)(주공),8,11~20,35.28,102,41135,11
42000,1994,2018,정자동,한솔마을(5단지)(주공),8,11~20,41.85,112,41135,2
79000,1995,2018,정자동,느티마을(3단지)(공무원),8,11~20,58.71,88,41135,5
44800,1994,2018,정자동,한솔마을(1단지)(청구),8,11~20,49.35,110,41135,6
69900,1994,2018,정자동,정든마을(7단지)(한진),8,11~20,68.04,194,41135,14
39800,1995,2018,정자동,정든마을(2단지)(동아),8,11~20,48.84,198,41135,1
39800,1994,2018,정자동,한솔마을(4단지)(주공),8,11~20,41.85,102,41135,12
35900,1994,2018,정자동,한솔마을(4단지)(주공),8,11~20,36.0,102,41135,13
60000,1995,2018,정자동,정든마을(2단지)(동아),8,11~20,69.055,198,41135,8
92800,1995,2018,정자동,정든마을(6단지)(한진),8,11~20,112.2,191,41135,9
34900,1994,2018,정자동,한솔마을(4단지)(주공),8,11~20,36.0,102,41135,7
39000,1994,2018,정자동,한솔마을(5단지)(주공),8,11~20,41.85,112,41135,14
53000,1994,2018,정자동,한솔마을(5단지)(주공),8,11~20,51.66,112,41135,6
58500,1993,2018,정자동,한솔마을(3단지)(한일),8,11~20,59.96,107,41135,12
137000,2004,2018,정자동,분당파크뷰,8,11~20,139.717,6,41135,7
41000,1995,2018,정자동,한솔마을(6단지)(주공),8,11~20,37.67,117,41135,5
43000,1995,2018,정자동,한솔마을(6단지)(주공),8,11~20,39.87,117,41135,9
40000,1994,2018,정자동,한솔마을(4단지)(주공),8,11~20,41.85,102,41135,3
44000,1995,2018,정자동,한솔마을(6단지)(주공),8,11~20,39.87,117,41135,18
64000,1994,2018,정자동,상록마을(우성)1,8,11~20,55.14,121,41135,13
64000,1995,2018,정자동,정든마을(5단지)(신화),8,11~20,69.93,192,41135,8
63000,1994,2018,정자동,상록마을(우성)1,8,11~20,55.14,121,41135,12
62000,1995,2018,정자동,정든마을(2단지)(동아),8,11~20,69.055,198,41135,12
40000,1994,2018,정자동,정든마을(6단지)(우성),8,11~20,48.84,198,41135,3
137000,2004,2018,정자동,분당파크뷰,8,11~20,139.717,6,41135,32
137000,2004,2018,정자동,분당파크뷰,8,11~20,139.717,6,41135,32
61500,1993,2018,정자동,한솔마을(3단지)(한일),8,11~20,59.96,107,41135,13
120000,2003,2018,정자동,현대I-PARK3,8,11~20,171.39,11,41135,16
64400,1994,2018,정자동,상록마을(우성)1,8,11~20,55.14,121,41135,9
47500,1994,2018,정자동,한솔마을(5단지)(주공),8,11~20,41.85,112,41135,11
63000,1995,2018,정자동,한솔마을(6단지)(주공),8,11~20,58.19,117,41135,12
41800,1995,2018,정자동,정든마을(2단지)(동아),8,11~20,48.84,198,41135,3
81800,1995,2018,정자동,느티마을(3단지)(공무원),8,11~20,58.71,88,41135,7
35000,1994,2018,정자동,한솔마을(4단지)(주공),8,11~20,35.28,102,41135,1
68000,1995,2018,정자동,정든마을(2단지)(동아),8,11~20,84.97,198,41135,8
111000,2003,2018,정자동,두산제니스,8,11~20,132.17,15-4,41135,14
92000,1994,2018,정자동,상록마을(우성)1,8,11~20,84.97,121,41135,2
40250,1995,2018,정자동,한솔마을(6단지)(주공),8,11~20,37.67,117,41135,9
38000,1995,2018,정자동,한솔마을(6단지)(주공),8,11~20,37.67,117,41135,2
76800,1994,2018,정자동,한솔마을(1단지)(청구),8,11~20,84.965,110,41135,9
74000,1995,2018,정자동,정든마을(6단지)(우성),8,11~20,84.97,198,41135,17
74500,1994,2018,정자동,한솔마을(1단지)(청구),8,11~20,84.965,110,41135,15
46000,1994,2018,정자동,한솔마을(5단지)(주공),8,11~20,42.75,112,41135,15
78000,1994,2018,정자동,한솔마을(1단지)(청구),8,11~20,84.965,110,41135,15
142600,2004,2018,정자동,분당파크뷰,8,11~20,139.68,6,41135,27
74500,1995,2018,정자동,정든마을(6단지)(우성),8,11~20,84.97,198,41135,10
62900,1994,2018,정자동,상록마을(우성)1,8,11~20,55.14,121,41135,11
77000,1994,2018,정자동,한솔마을(1단지)(청구),8,11~20,84.965,110,41135,8
68000,1994,2018,정자동,한솔마을(5단지)(주공),8,11~20,74.91,112,41135,2
37000,1994,2018,정자동,한솔마을(4단지)(주공),8,11~20,35.28,102,41135,1
66000,1995,2018,정자동,정든마을(1단지)(동아),8,11~20,101.99,200,41135,1
145000,2004,2018,정자동,분당파크뷰,8,11~20,162.869,6,41135,20
42000,1994,2018,정자동,한솔마을(5단지)(주공),8,11~20,41.85,112,41135,8
75000,1995,2018,정자동,느티마을(4단지)(공무원),8,11~20,58.71,90,41135,17
40900,1995,2018,정자동,한솔마을(6단지)(주공),8,11~20,37.67,117,41135,6
105000,2004,2018,정자동,분당파크뷰,8,11~20,84.99,6,41135,3
43000,1995,2018,정자동,정든마을(2단지)(동아),8,11~20,48.84,198,41135,6
46500,1994,2018,정자동,정든마을(6단지)(우성),8,11~20,48.84,198,41135,12
38500,1995,2018,정자동,한솔마을(6단지)(주공),8,11~20,37.67,117,41135,11
96000,2007,2018,정자동,분당더샵스타파크,8,11~20,84.9316,174-1,41135,18
72500,1995,2018,정자동,정든마을(6단지)(우성),8,11~20,84.97,198,41135,15
109000,2003,2018,정자동,로얄팰리스,8,11~20,158.69,28-1,41135,21
39500,1994,2018,정자동,정든마을(6단지)(우성),8,11~20,48.84,198,41135,1
41000,1994,2018,정자동,한솔마을(4단지)(주공),8,11~20,42.75,102,41135,1
89000,1995,2018,정자동,상록마을(라이프2차),8,11~20,84.78,125,41135,5
42500,1994,2018,정자동,정든마을(6단지)(우성),8,11~20,48.84,198,41135,8
107700,1995,2018,정자동,상록마을(우성)1,8,11~20,129.72,121,41135,19
157000,2004,2018,정자동,분당파크뷰,8,11~20,162.869,6,41135,21
78900,1994,2018,정자동,한솔마을(1단지)(청구),8,11~20,84.965,110,41135,9
54900,1993,2018,정자동,한솔마을(3단지)(한일),8,11~20,59.96,107,41135,1
45000,1994,2018,정자동,한솔마을(5단지)(주공),8,11~20,42.75,112,41135,8
67000,1994,2018,정자동,상록마을(우성)1,8,11~20,55.14,121,41135,4
68800,1995,2018,정자동,정든마을(2단지)(동아),8,11~20,84.97,198,41135,2
89000,2003,2018,정자동,현대I-PARK3,8,11~20,84.92,11,41135,5
88000,1995,2018,정자동,정든마을(5단지)(신화),8,11~20,101.82,192,41135,11
80000,1994,2018,정자동,느티마을(4단지)(공무원),8,11~20,66.6,90,41135,3
53350,1994,2018,정자동,한솔마을(5단지)(주공),8,11~20,51.66,112,41135,7
45000,1994,2018,정자동,정든마을(6단지)(우성),8,11~20,48.84,198,41135,12
83000,1994,2018,정자동,한솔마을(1단지)(청구),8,11~20,101.99,110,41135,6
91000,1994,2018,정자동,한솔마을(1단지)(청구),8,11~20,134.95,110,41135,17
57000,1994,2018,정자동,한솔마을(5단지)(주공),8,11~20,51.66,112,41135,7
65000,1995,2018,정자동,정든마을(2단지)(동아),8,11~20,69.055,198,41135,14
82000,1995,2018,정자동,느티마을(4단지)(공무원),8,11~20,58.71,90,41135,6
65000,1994,2018,정자동,정든마을(6단지)(우성),8,11~20,69.055,198,41135,5
93000,1995,2018,정자동,상록마을(라이프1차),8,21~31,101.76,124,41135,3
89000,2003,2018,정자동,현대I-PARK3,8,21~31,84.92,11,41135,8
38000,1995,2018,정자동,한솔마을(6단지)(주공),8,21~31,37.67,117,41135,1
87000,1995,2018,정자동,상록마을(라이프2차),8,21~31,84.78,125,41135,18
71500,1995,2018,정자동,정든마을(2단지)(동아),8,21~31,84.97,198,41135,8
106000,2003,2018,정자동,로얄팰리스,8,21~31,158.69,28-1,41135,7
109700,2004,2018,정자동,분당파크뷰,8,21~31,84.99,6,41135,12
99000,1995,2018,정자동,상록마을(라이프1차),8,21~31,128.7,124,41135,2
146000,2004,2018,정자동,분당파크뷰,8,21~31,139.68,6,41135,27
135000,2004,2018,정자동,분당파크뷰,8,21~31,124.515,6,41135,11
57500,1993,2018,정자동,한솔마을(3단지)(한일),8,21~31,59.96,107,41135,1
89000,1994,2018,정자동,한솔마을(3단지)(한일),8,21~31,130.51,107,41135,2
76000,1994,2018,정자동,한솔마을(1단지)(청구),8,21~31,84.965,110,41135,12
44000,1994,2018,정자동,한솔마을(4단지)(주공),8,21~31,41.85,102,41135,5
49500,1994,2018,정자동,한솔마을(4단지)(주공),8,21~31,42.75,102,41135,8
42500,1995,2018,정자동,한솔마을(6단지)(주공),8,21~31,37.67,117,41135,14
130000,2004,2018,정자동,분당파크뷰,8,21~31,139.717,6,41135,16
130000,2004,2018,정자동,분당파크뷰,8,21~31,139.717,6,41135,18
39500,1994,2018,정자동,한솔마을(5단지)(주공),8,21~31,41.85,112,41135,9
50000,1994,2018,정자동,한솔마을(5단지)(주공),8,21~31,74.91,112,41135,1
78000,1995,2018,정자동,한솔마을(2단지)(LG),8,21~31,101.85,111,41135,5
43000,1994,2018,정자동,한솔마을(5단지)(주공),8,21~31,41.85,112,41135,2
64000,1994,2018,정자동,정든마을(6단지)(우성),8,21~31,69.055,198,41135,2
84000,1994,2018,정자동,느티마을(3단지)(공무원),8,21~31,67.43,88,41135,6
130000,1995,2018,정자동,상록마을(우성)1,8,21~31,162.57,121,41135,19
85000,1995,2018,정자동,한솔마을(2단지)(LG),8,21~31,134.94,111,41135,2
46000,1994,2018,정자동,한솔마을(4단지)(주공),8,21~31,41.85,102,41135,15
109000,2007,2018,정자동,분당더샵스타파크,8,21~31,117.2333,174-1,41135,10
75500,1994,2018,정자동,상록마을(라이프2차),8,21~31,71.61,125,41135,3
72000,1995,2018,정자동,정든마을(2단지)(동아),8,21~31,84.97,198,41135,8
78000,1994,2018,정자동,한솔마을(1단지)(청구),8,21~31,84.965,110,41135,4
86000,1994,2018,정자동,한솔마을(1단지)(청구),8,21~31,101.99,110,41135,10
85000,1994,2018,정자동,느티마을(3단지)(공무원),8,21~31,66.6,88,41135,5
63000,1993,2018,정자동,한솔마을(3단지)(한일),8,21~31,59.96,107,41135,5
75800,2003,2018,정자동,현대I-PARK1,8,21~31,80.82,9,41135,3
95000,2003,2018,정자동,로얄팰리스,8,21~31,148.16,28-1,41135,3
62000,1993,2018,정자동,한솔마을(3단지)(한일),8,21~31,59.96,107,41135,7
89000,1995,2018,정자동,정든마을(8단지)(한진),8,21~31,99.6,192,41135,11
110000,2003,2018,정자동,현대I-PARK1,8,21~31,146.1,9,41135,28
119000,2003,2018,정자동,현대I-PARK3,8,21~31,163.74,11,41135,18
85500,1994,2018,정자동,느티마을(3단지)(공무원),8,21~31,66.6,88,41135,6
87000,1994,2018,정자동,한솔마을(1단지)(청구),8,21~31,101.99,110,41135,4
44000,1995,2018,정자동,정든마을(2단지)(동아),8,21~31,48.84,198,41135,4
64500,1994,2018,정자동,느티마을(4단지)(공무원),8,21~31,58.19,90,41135,2
94000,1995,2018,정자동,한솔마을(2단지)(LG),8,21~31,101.85,111,41135,12
79000,1995,2018,정자동,느티마을(4단지)(공무원),8,21~31,66.6,90,41135,8
95000,2003,2018,정자동,아데나팰리스,8,21~31,84.94,169-1,41135,14
40700,1994,2018,정자동,정든마을(6단지)(우성),8,21~31,48.84,198,41135,1
69500,1995,2018,정자동,한솔마을(6단지)(주공),8,21~31,58.71,117,41135,7
110000,2003,2018,정자동,현대I-PARK3,8,21~31,153.39,11,41135,13
135000,2004,2018,정자동,분당파크뷰,8,21~31,139.717,6,41135,23
49000,1995,2018,정자동,한솔마을(6단지)(주공),8,21~31,39.87,117,41135,12
56000,1994,2018,정자동,한솔마을(5단지)(주공),8,21~31,74.16,112,41135,4
115000,2004,2018,정자동,동양정자파라곤(1단지),8,21~31,146.37,14-3,41135,10
45200,1995,2018,정자동,한솔마을(6단지)(주공),8,21~31,37.67,117,41135,12
60000,1995,2018,정자동,한솔마을(6단지)(주공),8,21~31,58.71,117,41135,25
139000,2003,2018,정자동,현대I-PARK1,8,21~31,196.38,9,41135,15
87000,1994,2018,정자동,느티마을(3단지)(공무원),8,21~31,66.6,88,41135,11
90000,1991,2018,서현동,시범한신,8,1~10,84.69,87,41135,6
67000,1994,2018,서현동,효자촌(대창),8,1~10,84.696,310,41135,11
82000,1992,2018,서현동,시범우성,8,1~10,84.6,96,41135,4
84000,1992,2018,서현동,효자촌(삼환),8,1~10,129.761,301,41135,7
115000,1991,2018,서현동,시범삼성,8,1~10,133.295,87,41135,6
78850,1992,2018,서현동,시범한양,8,1~10,84.93,91,41135,8
81500,1992,2018,서현동,시범현대,8,1~10,84.95,92,41135,13
69500,1993,2018,서현동,효자촌(임광),8,1~10,84.99,292,41135,14
40600,1994,2018,서현동,효자촌(화성),8,1~10,53.82,308,41135,1
77000,1993,2018,서현동,효자촌(삼환),8,1~10,84.157,301,41135,16
87500,1992,2018,서현동,시범우성,8,1~10,84.6,96,41135,17
128000,1991,2018,서현동,시범한신,8,1~10,133.295,87,41135,14
82000,1992,2018,서현동,시범한양,8,1~10,84.93,91,41135,22
106000,1991,2018,서현동,시범한양,8,1~10,134.87,91,41135,2
103500,1991,2018,서현동,시범현대,8,11~20,129.73,92,41135,5
83800,1991,2018,서현동,시범우성,8,11~20,84.6,96,41135,10
115000,1991,2018,서현동,시범삼성,8,11~20,133.295,87,41135,2
65000,1991,2018,서현동,시범현대,8,11~20,59.55,92,41135,1
90000,1991,2018,서현동,시범한신,8,11~20,84.69,87,41135,5
70500,1994,2018,서현동,효자촌(화성),8,11~20,84.696,308,41135,14
105000,1992,2018,서현동,시범우성,8,11~20,134.04,96,41135,19
83500,1992,2018,서현동,효자촌(임광),8,11~20,111.51,292,41135,8
47000,1992,2018,서현동,효자촌(임광),8,11~20,59.73,292,41135,1
81000,1992,2018,서현동,시범한양,8,11~20,84.99,91,41135,26
87000,1992,2018,서현동,시범우성,8,11~20,84.6,96,41135,8
93000,1993,2018,서현동,효자촌(현대),8,11~20,128.04,299,41135,9
84000,1992,2018,서현동,시범현대,8,11~20,84.95,92,41135,22
115000,1992,2018,서현동,시범한양,8,11~20,148.94,91,41135,8
83500,1992,2018,서현동,시범한양,8,11~20,84.93,91,41135,28
94000,1991,2018,서현동,시범한신,8,11~20,84.69,87,41135,5
60000,1991,2018,서현동,시범우성,8,11~20,59.73,96,41135,3
89900,1992,2018,서현동,시범한신,8,11~20,84.69,87,41135,2
105000,1991,2018,서현동,시범현대,8,11~20,129.56,92,41135,5
139000,1991,2018,서현동,시범한신,8,11~20,171.515,87,41135,15
82000,1992,2018,서현동,효자촌(삼환),8,11~20,129.761,301,41135,2
93000,1991,2018,서현동,시범한신,8,11~20,84.69,87,41135,4
62000,1994,2018,서현동,효자촌(럭키),8,11~20,70.686,308,41135,13
35000,1991,2018,서현동,시범한양,8,11~20,28.71,91,41135,10
95000,1992,2018,서현동,효자촌(현대),8,11~20,128.04,299,41135,8
34500,1991,2018,서현동,시범한양,8,11~20,28.71,91,41135,9
95000,1991,2018,서현동,시범한신,8,11~20,84.69,87,41135,6
69000,1991,2018,서현동,시범삼성,8,11~20,59.995,87,41135,2
82000,1992,2018,서현동,시범현대,8,11~20,84.95,92,41135,1
110000,1991,2018,서현동,시범한양,8,11~20,134.87,91,41135,10
49000,1994,2018,서현동,효자촌(럭키),8,11~20,53.82,308,41135,5
100000,1992,2018,서현동,효자촌(동아),8,11~20,166.8,291,41135,8
45000,1994,2018,서현동,효자촌(화성),8,11~20,53.82,308,41135,3
66000,1991,2018,서현동,시범현대,8,11~20,59.55,92,41135,1
124500,1991,2018,서현동,시범한신,8,11~20,133.295,87,41135,12
35000,1991,2018,서현동,시범한양,8,11~20,28.71,91,41135,6
90000,1992,2018,서현동,효자촌(임광),8,11~20,129.88,292,41135,14
90000,1992,2018,서현동,시범한신,8,11~20,84.69,87,41135,10
42000,1994,2018,서현동,효자촌(대우),8,11~20,53.82,308,41135,1
88200,1992,2018,서현동,시범현대,8,11~20,84.95,92,41135,16
63700,1991,2018,서현동,시범우성,8,11~20,59.73,96,41135,3
68000,1991,2018,서현동,시범한양,8,11~20,59.13,91,41135,8
60000,1994,2018,서현동,효자촌(대창),8,11~20,70.686,310,41135,15
126000,1991,2018,서현동,시범현대,8,11~20,189.63,92,41135,7
124000,1991,2018,서현동,시범현대,8,11~20,189.63,92,41135,10
49500,1991,2018,서현동,시범우성,8,11~20,45.99,96,41135,3
75000,1993,2018,서현동,효자촌(임광),8,11~20,84.99,292,41135,13
84400,1991,2018,서현동,시범우성,8,11~20,84.6,96,41135,6
62000,1994,2018,서현동,효자촌(대우),8,11~20,70.686,308,41135,22
75500,1994,2018,서현동,효자촌(미래타운),8,11~20,134.64,307,41135,7
70000,1991,2018,서현동,시범삼성,8,11~20,59.995,87,41135,3
34200,1991,2018,서현동,시범한양,8,11~20,28.71,91,41135,10
42500,1991,2018,서현동,시범한양,8,21~31,35.1,91,41135,14
63000,1994,2018,서현동,효자촌(럭키),8,21~31,70.686,308,41135,14
61800,1994,2018,서현동,효자촌(대우),8,21~31,70.686,308,41135,9
52500,1991,2018,서현동,시범우성,8,21~31,45.99,96,41135,5
68000,1991,2018,서현동,시범한양,8,21~31,59.13,91,41135,11
64300,1991,2018,서현동,시범우성,8,21~31,59.73,96,41135,5
69500,1991,2018,서현동,시범한양,8,21~31,59.13,91,41135,13
103000,1991,2018,서현동,시범현대,8,21~31,129.73,92,41135,5
49000,1994,2018,서현동,효자촌(화성),8,21~31,53.82,308,41135,7
63000,1994,2018,서현동,효자촌(대우),8,21~31,70.686,308,41135,21
67500,1991,2018,서현동,시범한양,8,21~31,59.13,91,41135,15
92000,1992,2018,서현동,시범한신,8,21~31,84.69,87,41135,9
74000,1991,2018,서현동,시범우성,8,21~31,75.9,96,41135,15
66000,1994,2018,서현동,효자촌(화성),8,21~31,70.686,308,41135,21
92000,1991,2018,서현동,시범현대,8,21~31,108.75,92,41135,2
33000,1991,2018,서현동,시범한양,8,21~31,35.1,91,41135,3
89500,1991,2018,서현동,시범한신,8,21~31,84.69,87,41135,10
86800,1992,2018,서현동,시범현대,8,21~31,84.95,92,41135,6
119500,1992,2018,서현동,시범우성,8,21~31,134.04,96,41135,24
120000,1992,2018,서현동,시범한양,8,21~31,164.18,91,41135,27
80000,1992,2018,서현동,효자촌(동아),8,21~31,84.72,291,41135,10
85000,1992,2018,서현동,시범우성,8,21~31,84.6,96,41135,1
89000,1992,2018,서현동,시범우성,8,21~31,84.6,96,41135,10
80000,1991,2018,서현동,시범우성,8,21~31,75.9,96,41135,14
125000,1991,2018,서현동,시범한신,8,21~31,133.295,87,41135,12
90000,1991,2018,서현동,시범우성,8,21~31,84.6,96,41135,12
64000,1994,2018,서현동,효자촌(대우),8,21~31,70.686,308,41135,15
72000,1993,2018,서현동,효자촌(임광),8,21~31,84.99,292,41135,1
84500,1992,2018,서현동,효자촌(삼환),8,21~31,101.64,301,41135,2
103500,1991,2018,서현동,시범한양,8,21~31,134.87,91,41135,1
80000,1993,2018,서현동,효자촌(삼환),8,21~31,84.157,301,41135,19
97000,1992,2018,서현동,시범한양,8,21~31,84.99,91,41135,30
92000,1991,2018,서현동,시범한양,8,21~31,101.66,91,41135,4
46000,1994,2018,서현동,효자촌(대창),8,21~31,53.82,310,41135,2
92500,1992,2018,서현동,시범한양,8,21~31,84.99,91,41135,21
110000,1991,2018,서현동,시범현대,8,21~31,129.73,92,41135,3
55000,1992,2018,서현동,효자촌(동아),8,21~31,84.72,291,41135,6
87000,1992,2018,서현동,시범현대,8,21~31,84.95,92,41135,26
74500,1992,2018,이매동,이매촌(금강),8,1~10,84.42,122,41135,1
115000,1993,2018,이매동,아름마을(풍림),8,1~10,134.22,140,41135,8
80000,1994,2018,이매동,이매촌(삼환),8,1~10,84.93,99,41135,5
73400,1993,2018,이매동,이매촌(한신),8,1~10,66.27,124,41135,24
102000,1992,2018,이매동,이매촌(청구),8,1~10,101.89,123,41135,12
113000,1993,2018,이매동,아름마을(풍림),8,1~10,134.22,140,41135,15
111500,1993,2018,이매동,아름마을(삼호),8,1~10,158.4,133,41135,5
72500,1993,2018,이매동,이매촌(한신),8,1~10,66.27,124,41135,25
98000,1992,2018,이매동,이매촌(동신9),8,1~10,134.88,110,41135,2
89500,1992,2018,이매동,이매촌(동신9),8,1~10,84.6,110,41135,6
98000,1992,2018,이매동,이매촌(동신9),8,1~10,134.88,110,41135,4
84500,1992,2018,이매동,아름마을(태영),8,1~10,101.85,132,41135,14
118000,1995,2018,이매동,아름마을(효성),8,1~10,130.35,143,41135,5
93300,1992,2018,이매동,이매촌(청구),8,1~10,84.99,123,41135,9
110000,1993,2018,이매동,아름마을(풍림),8,1~10,134.22,140,41135,8
85000,1993,2018,이매동,이매촌(진흥),8,1~10,84.63,111,41135,2
110000,1995,2018,이매동,아름마을(효성),8,1~10,130.35,143,41135,2
67500,1992,2018,이매동,이매촌(한신),8,1~10,66.27,124,41135,12
71900,1992,2018,이매동,이매촌(한신),8,1~10,66.27,124,41135,3
89800,1992,2018,이매동,이매촌(동신9),8,11~20,84.6,110,41135,6
103000,1995,2018,이매동,아름마을(효성),8,11~20,130.35,143,41135,1
71000,1992,2018,이매동,이매촌(동신3),8,11~20,59.49,117,41135,9
127000,1993,2018,이매동,아름마을(풍림),8,11~20,163.62,140,41135,15
78800,1992,2018,이매동,아름마을(두산),8,11~20,84.84,133,41135,3
75800,1993,2018,이매동,이매촌(한신),8,11~20,66.27,124,41135,10
97000,1994,2018,이매동,이매촌(삼성),8,11~20,127.83,100,41135,4
101000,1993,2018,이매동,이매촌(진흥),8,11~20,101.89,111,41135,3
90000,1992,2018,이매동,아름마을(건영),8,11~20,101.85,132,41135,10
84800,1992,2018,이매동,아름마을(건영),8,11~20,101.85,132,41135,3
79000,1992,2018,이매동,아름마을(두산),8,11~20,84.84,133,41135,7
98000,1995,2018,이매동,이매촌(삼환),8,11~20,132.37,99,41135,11
129500,1995,2018,이매동,아름마을(효성),8,11~20,130.35,143,41135,7
94500,1992,2018,이매동,아름마을(태영),8,11~20,134.79,132,41135,8
115000,1992,2018,이매동,이매촌(동신9),8,11~20,134.88,110,41135,10
90000,1993,2018,이매동,아름마을(풍림),8,11~20,75.15,140,41135,2
77000,1992,2018,이매동,아름마을(삼호),8,11~20,84.84,133,41135,2
94000,1992,2018,이매동,아름마을(건영),8,11~20,133.89,132,41135,15
76300,1995,2018,이매동,이매촌(삼환),8,11~20,84.93,99,41135,17
80800,1993,2018,이매동,이매촌(한신),8,11~20,84.9,124,41135,23
88000,1992,2018,이매동,아름마을(건영),8,11~20,101.85,132,41135,6
95000,1993,2018,이매동,이매촌(진흥),8,11~20,84.63,111,41135,7
59000,1992,2018,이매동,이매촌(한신),8,11~20,50.1,124,41135,3
57000,1993,2018,이매동,이매촌(한신),8,11~20,50.1,124,41135,5
105000,1993,2018,이매동,이매촌(진흥),8,11~20,134.91,111,41135,7
79000,1992,2018,이매동,아름마을(두산),8,11~20,84.84,133,41135,4
90000,1994,2018,이매동,이매촌(삼성),8,11~20,101.91,100,41135,9
88000,1992,2018,이매동,아름마을(태영),8,11~20,134.79,132,41135,2
86000,1994,2018,이매동,이매촌(삼환),8,11~20,84.93,99,41135,8
89000,1992,2018,이매동,이매촌(금강),8,11~20,99.17,122,41135,2
119000,1993,2018,이매동,이매촌(진흥),8,11~20,134.91,111,41135,12
89800,1993,2018,이매동,이매촌(한신),8,11~20,84.9,124,41135,15
104700,1992,2018,이매동,이매촌(동신3),8,11~20,117.12,117,41135,7
56000,1993,2018,이매동,이매촌(한신),8,11~20,50.1,124,41135,9
85800,1993,2018,이매동,이매촌(한신),8,11~20,84.9,124,41135,20
84500,1992,2018,이매동,아름마을(태영),8,11~20,101.85,132,41135,15
85000,1992,2018,이매동,아름마을(건영),8,11~20,101.85,132,41135,8
69500,1992,2018,이매동,이매촌(청구),8,11~20,59.92,123,41135,3
92000,1992,2018,이매동,아름마을(건영),8,11~20,133.89,132,41135,6
70000,1994,2018,이매동,이매촌(삼성),8,11~20,73.25,100,41135,9
80000,1994,2018,이매동,이매촌(삼성),8,11~20,73.25,100,41135,9
105000,1992,2018,이매동,아름마을(삼호),8,11~20,132.72,133,41135,8
101000,1994,2018,이매동,아름마을(효성),8,21~31,101.76,143,41135,9
84500,1993,2018,이매동,이매촌(한신),8,21~31,84.9,124,41135,13
61000,1992,2018,이매동,이매촌(한신),8,21~31,50.1,124,41135,14
94000,1993,2018,이매동,아름마을(풍림),8,21~31,75.15,140,41135,10
96000,1992,2018,이매동,아름마을(건영),8,21~31,133.89,132,41135,15
95000,1995,2018,이매동,이매촌(삼환),8,21~31,132.37,99,41135,2
60000,1992,2018,이매동,이매촌(한신),8,21~31,50.1,124,41135,5
115000,1993,2018,이매동,아름마을(두산),8,21~31,158.4,133,41135,13
87000,1993,2018,이매동,이매촌(한신),8,21~31,84.9,124,41135,21
62000,1994,2018,이매동,이매촌(삼성),8,21~31,59.535,100,41135,3
64500,1992,2018,이매동,아름마을(두산),8,21~31,59.79,133,41135,3
62700,1992,2018,이매동,아름마을(한성),8,21~31,59.46,132,41135,5
79000,1993,2018,이매동,이매촌(진흥),8,21~31,59.58,111,41135,14
69500,1992,2018,이매동,이매촌(청구),8,21~31,59.92,123,41135,5
67500,1992,2018,이매동,이매촌(한신),8,21~31,66.27,124,41135,1
125000,1992,2018,이매동,이매촌(청구),8,21~31,133.15,123,41135,17
81000,1995,2018,이매동,이매촌(삼환),8,21~31,84.93,99,41135,16
76700,1992,2018,이매동,아름마을(한성),8,21~31,83.64,132,41135,2
100000,1992,2018,이매동,아름마을(건영),8,21~31,163.44,132,41135,3
78000,1994,2018,이매동,이매촌(삼성),8,21~31,73.25,100,41135,6
60000,1992,2018,이매동,이매촌(한신),8,21~31,50.1,124,41135,7
96500,1992,2018,이매동,아름마을(태영),8,21~31,134.79,132,41135,8
108000,1995,2018,이매동,아름마을(효성),8,21~31,130.35,143,41135,1
117000,1993,2018,이매동,아름마을(풍림),8,21~31,134.22,140,41135,7
93000,1992,2018,이매동,이매촌(동신3),8,21~31,101.79,117,41135,6
75800,1992,2018,야탑동,탑마을(대우),8,1~10,101.76,535,41135,12
69200,1992,2018,야탑동,탑마을(선경)1,8,1~10,83.73,536,41135,12
72000,1993,2018,야탑동,장미마을(현대),8,1~10,84.97,334,41135,13
72500,1993,2018,야탑동,장미마을(코오롱)1,8,1~10,84.6,330,41135,16
58000,1994,2018,야탑동,탑마을(벽산),8,1~10,59.91,517,41135,12
40000,1993,2018,야탑동,탑마을(주공),8,1~10,41.85,518,41135,7
87500,1993,2018,야탑동,탑마을(기산)1,8,1~10,131.4,511,41135,4
62800,2003,2018,야탑동,SK-VIEW,8,1~10,122.731,188,41135,6
33700,1995,2018,야탑동,목련마을(영남),8,1~10,53.6,156,41135,4
37000,1993,2018,야탑동,장미마을(현대),8,1~10,41.76,334,41135,3
31900,1993,2018,야탑동,매화마을(주공4),8,1~10,41.85,211,41135,4
59000,1993,2018,야탑동,장미마을(코오롱)1,8,1~10,59.55,330,41135,7
79000,1992,2018,야탑동,탑마을(대우),8,1~10,101.76,535,41135,7
46600,1995,2018,야탑동,매화마을공무원2,8,1~10,58.71,215,41135,17
63500,1993,2018,야탑동,장미마을(동부),8,1~10,70.56,330,41135,7
33500,1993,2018,야탑동,매화마을(주공3),8,1~10,41.85,205,41135,2
67800,1994,2018,야탑동,탑마을(벽산),8,1~10,69.87,517,41135,3
46000,1995,2018,야탑동,매화마을공무원1,8,1~10,59.98,201,41135,15
32500,1998,2018,야탑동,목련마을SK아파트,8,1~10,59.93,147,41135,1
51800,1995,2018,야탑동,매화마을공무원2,8,1~10,67.43,215,41135,7
45900,1995,2018,야탑동,매화마을공무원2,8,1~10,58.71,215,41135,18
59800,2003,2018,야탑동,SK-VIEW,8,1~10,122.731,188,41135,16
46400,1995,2018,야탑동,매화마을공무원2,8,11~20,58.71,215,41135,15
63300,1993,2018,야탑동,장미마을(현대),8,11~20,74.61,334,41135,11
32500,1993,2018,야탑동,매화마을(주공3),8,11~20,41.85,205,41135,13
32400,1993,2018,야탑동,매화마을(주공3),8,11~20,41.85,205,41135,12
50000,1993,2018,야탑동,장미마을(현대),8,11~20,59.4,334,41135,8
31300,1993,2018,야탑동,매화마을(주공4),8,11~20,41.85,211,41135,9
30800,1993,2018,야탑동,매화마을(주공4),8,11~20,35.28,211,41135,12
45800,1992,2018,야탑동,탑마을(선경)1,8,11~20,51.84,536,41135,1
87800,1993,2018,야탑동,장미마을(코오롱)1,8,11~20,134.22,330,41135,6
74500,1992,2018,야탑동,탑마을(선경)1,8,11~20,83.73,536,41135,3
87000,1993,2018,야탑동,장미마을(동부),8,11~20,131.73,330,41135,6
52900,1995,2018,야탑동,매화마을공무원2,8,11~20,66.6,215,41135,5
76700,1993,2018,야탑동,장미마을(코오롱)1,8,11~20,84.6,330,41135,7
59000,1994,2018,야탑동,탑마을(벽산),8,11~20,59.91,517,41135,15
83000,1994,2018,야탑동,탑마을(경남)1,8,11~20,134.79,525,41135,4
82500,1994,2018,야탑동,탑마을(경남)1,8,11~20,134.79,525,41135,3
49000,1995,2018,야탑동,매화마을공무원1,8,11~20,58.92,201,41135,11
67000,1993,2018,야탑동,장미마을(현대),8,11~20,75.188,334,41135,6
84500,1992,2018,야탑동,탑마을(선경)1,8,11~20,101.76,536,41135,12
31000,1993,2018,야탑동,매화마을(주공4),8,11~20,41.85,211,41135,8
38800,1993,2018,야탑동,탑마을(주공),8,11~20,41.85,518,41135,4
58000,1993,2018,야탑동,장미마을(동부),8,11~20,59.76,330,41135,2
54900,1995,2018,야탑동,목련마을(영남),8,11~20,84.93,156,41135,13
66100,1994,2018,야탑동,탑마을(벽산),8,11~20,69.87,517,41135,8
50000,1995,2018,야탑동,매화마을공무원1,8,11~20,58.92,201,41135,5
46000,1995,2018,야탑동,매화마을공무원2,8,11~20,67.43,215,41135,8
29700,1993,2018,야탑동,매화마을(주공4),8,11~20,35.28,211,41135,10
35000,1993,2018,야탑동,탑마을(주공),8,11~20,36.0,518,41135,5
86900,1993,2018,야탑동,장미마을(동부),8,11~20,131.73,330,41135,7
82000,1992,2018,야탑동,탑마을(대우),8,11~20,101.76,535,41135,13
69800,1993,2018,야탑동,장미마을(현대),8,11~20,84.79,334,41135,11
79500,1993,2018,야탑동,장미마을(현대),8,11~20,84.79,334,41135,11
29800,1993,2018,야탑동,매화마을(주공4),8,11~20,35.28,211,41135,9
63250,1993,2018,야탑동,장미마을(현대),8,11~20,75.188,334,41135,1
90000,1992,2018,야탑동,탑마을(대우),8,11~20,134.31,535,41135,5
49300,1995,2018,야탑동,매화마을공무원2,8,11~20,66.6,215,41135,12
53000,1995,2018,야탑동,매화마을공무원1,8,11~20,59.98,201,41135,13
49500,1995,2018,야탑동,매화마을공무원1,8,11~20,59.98,201,41135,8
94500,1993,2018,야탑동,장미마을(동부),8,11~20,131.73,330,41135,9
73000,1993,2018,야탑동,장미마을(현대),8,11~20,84.97,334,41135,4
79000,1993,2018,야탑동,장미마을(동부),8,11~20,84.99,330,41135,11
70500,1993,2018,야탑동,장미마을(현대),8,11~20,84.97,334,41135,2
37000,1993,2018,야탑동,매화마을(주공3),8,11~20,41.85,205,41135,6
32500,1993,2018,야탑동,매화마을(주공4),8,21~31,36.0,211,41135,3
41000,1993,2018,야탑동,매화마을(주공3),8,21~31,46.2,205,41135,2
51000,1995,2018,야탑동,매화마을공무원1,8,21~31,58.92,201,41135,4
41000,1993,2018,야탑동,탑마을(주공),8,21~31,41.85,518,41135,2
64700,2003,2018,야탑동,SK-VIEW,8,21~31,122.731,188,41135,18
80000,1994,2018,야탑동,탑마을(벽산),8,21~31,84.91,517,41135,12
86000,1993,2018,야탑동,장미마을(현대),8,21~31,133.448,334,41135,19
73000,1993,2018,야탑동,장미마을(현대),8,21~31,84.79,334,41135,2
33500,1993,2018,야탑동,매화마을(주공4),8,21~31,41.85,211,41135,5
48000,1995,2018,야탑동,매화마을공무원2,8,21~31,58.71,215,41135,5
66000,1994,2018,야탑동,탑마을(벽산),8,21~31,69.87,517,41135,15
70000,1992,2018,야탑동,탑마을(선경)1,8,21~31,83.73,536,41135,1
67500,1994,2018,야탑동,탑마을(경남)1,8,21~31,69.87,525,41135,8
33000,1993,2018,야탑동,탑마을(주공),8,21~31,35.28,518,41135,2
33150,1993,2018,야탑동,매화마을(주공4),8,21~31,41.85,211,41135,4
74000,1992,2018,야탑동,탑마을(선경)1,8,21~31,83.73,536,41135,6
67000,1993,2018,야탑동,장미마을(현대),8,21~31,75.188,334,41135,15
93000,2003,2018,야탑동,현대I-PARK,8,21~31,146.8267,391,41135,2
75000,1993,2018,야탑동,장미마을(현대),8,21~31,84.97,334,41135,5
60000,1993,2018,야탑동,장미마을(코오롱)1,8,21~31,59.55,330,41135,15
81000,1992,2018,야탑동,탑마을(선경)1,8,21~31,83.73,536,41135,16
90000,1993,2018,야탑동,탑마을(경향),8,21~31,101.91,510,41135,10
91000,1994,2018,야탑동,탑마을(경남)1,8,21~31,134.79,525,41135,8
39000,1993,2018,야탑동,매화마을(주공3),8,21~31,41.85,205,41135,10
34000,1998,2018,야탑동,목련마을SK아파트,8,21~31,59.93,147,41135,2
42000,1993,2018,야탑동,탑마을(주공),8,21~31,41.85,518,41135,8
82000,1992,2018,야탑동,탑마을(선경)1,8,21~31,83.73,536,41135,9
85000,1994,2018,야탑동,탑마을(벽산),8,21~31,101.97,517,41135,15
36500,1993,2018,야탑동,매화마을(주공4),8,21~31,41.85,211,41135,10
83000,1992,2018,야탑동,탑마을(대우),8,21~31,101.76,535,41135,6
74500,1993,2018,야탑동,장미마을(동부),8,21~31,84.99,330,41135,2
85000,1992,2018,야탑동,탑마을(대우),8,21~31,134.31,535,41135,11
59800,1994,2018,야탑동,탑마을(벽산),8,21~31,59.91,517,41135,4
73000,1993,2018,야탑동,장미마을(현대),8,21~31,84.79,334,41135,2
106000,2009,2018,판교동,판교원마을1단지(주공휴먼시아),8,1~10,101.12,622,41135,3
91000,2009,2018,판교동,판교원마을9단지(한림풀에버),8,1~10,71.8438,585,41135,12
160000,2009,2018,판교동,판교원마을5단지(푸르지오),8,1~10,151.06,634,41135,35
131000,2009,2018,판교동,판교원마을11단지(현대),8,1~10,118.6,513,41135,8
74000,2009,2018,판교동,판교원마을7단지(모아미래도)임대,8,1~10,56.555,637,41135,6
103500,2009,2018,판교동,판교원마을5단지(푸르지오),8,11~20,84.51,634,41135,24
124000,2009,2018,판교동,판교원마을5단지(푸르지오),8,11~20,101.09,634,41135,11
101300,2009,2018,판교동,판교원마을9단지(한림풀에버),8,11~20,84.9562,585,41135,5
130000,2009,2018,판교동,판교원마을11단지(현대),8,11~20,118.6,513,41135,9
125000,2009,2018,판교동,판교원마을3단지(푸르지오),8,11~20,116.58,629,41135,25
88000,2009,2018,판교동,판교원마을9단지(한림풀에버),8,11~20,71.8438,585,41135,1
90000,2009,2018,판교동,판교원마을7단지(모아미래도)임대,8,11~20,80.21,637,41135,18
90000,2009,2018,판교동,판교원마을9단지(한림풀에버),8,11~20,71.8438,585,41135,6
93000,2009,2018,판교동,판교원마을7단지(모아미래도)임대,8,21~31,80.21,637,41135,11
106000,2009,2018,판교동,판교원마을3단지(푸르지오),8,21~31,84.56,629,41135,6
105000,2009,2018,판교동,판교원마을9단지(한림풀에버),8,21~31,84.9907,585,41135,2
92000,2009,2018,판교동,판교원마을9단지(한림풀에버),8,21~31,71.8438,585,41135,4
106500,2009,2018,판교동,판교원마을1단지(주공휴먼시아),8,21~31,101.12,622,41135,4
130000,2009,2018,판교동,판교원마을5단지(푸르지오),8,21~31,116.04,634,41135,7
95000,2009,2018,판교동,판교원마을7단지(모아미래도)임대,8,21~31,80.21,637,41135,5
110000,2009,2018,삼평동,봇들마을8단지(주공),8,1~10,101.84,742,41135,11
104700,2009,2018,삼평동,봇들마을1단지(판교신미주),8,1~10,83.459,705,41135,14
86000,2009,2018,삼평동,봇들마을4단지(주공),8,1~10,59.84,718,41135,3
128200,2009,2018,삼평동,봇들마을8단지(주공),8,1~10,84.5,742,41135,6
94000,2009,2018,삼평동,봇들마을1단지(판교신미주),8,1~10,83.698,705,41135,12
160000,2009,2018,삼평동,봇들마을7단지,8,1~10,108.34,738,41135,18
153000,2009,2018,삼평동,봇들마을8단지(주공),8,11~20,101.84,742,41135,6
170500,2009,2018,삼평동,봇들마을9단지(금호어울림),8,11~20,115.01,744,41135,5
100500,2009,2018,삼평동,봇들마을2단지(이지더원),8,11~20,84.2822,717,41135,4
96000,2009,2018,삼평동,봇들마을1단지(판교신미주),8,11~20,83.698,705,41135,6
95000,2009,2018,삼평동,봇들마을1단지(판교신미주),8,11~20,83.698,705,41135,4
103000,2009,2018,삼평동,봇들마을2단지(이지더원),8,11~20,84.2822,717,41135,5
107500,2009,2018,삼평동,봇들마을1단지(판교신미주),8,11~20,82.794,705,41135,10
155000,2009,2018,삼평동,봇들마을8단지(주공),8,11~20,101.84,742,41135,4
94000,2009,2018,삼평동,봇들마을1단지(판교신미주),8,11~20,83.698,705,41135,7
155000,2009,2018,삼평동,봇들마을7단지,8,11~20,108.34,738,41135,10
135000,2009,2018,삼평동,봇들마을7단지,8,11~20,84.82,738,41135,11
105000,2009,2018,삼평동,봇들마을1단지(판교신미주),8,11~20,83.459,705,41135,7
93500,2009,2018,삼평동,봇들마을1단지(판교신미주),8,11~20,83.698,705,41135,8
147000,2009,2018,삼평동,봇들마을7단지,8,11~20,108.15,738,41135,2
114000,2009,2018,삼평동,봇들마을1단지(판교신미주),8,11~20,82.794,705,41135,8
155000,2009,2018,삼평동,봇들마을7단지,8,11~20,108.44,738,41135,9
86500,2009,2018,삼평동,봇들마을4단지(주공),8,11~20,59.84,718,41135,2
105000,2009,2018,삼평동,봇들마을2단지(이지더원),8,21~31,84.2822,717,41135,3
105000,2009,2018,삼평동,봇들마을1단지(판교신미주),8,21~31,83.698,705,41135,13
110000,2009,2018,삼평동,봇들마을1단지(판교신미주),8,21~31,82.794,705,41135,4
85000,2009,2018,삼평동,봇들마을1단지(판교신미주),8,21~31,83.698,705,41135,10
108000,2009,2018,삼평동,봇들마을4단지(주공),8,21~31,84.69,718,41135,3
106900,2013,2018,삼평동,판교푸르지오월드마크,8,21~31,134.33,741,41135,7
117000,2009,2018,백현동,백현마을5단지(주공),8,1~10,74.92,554,41135,12
120000,2009,2018,백현동,백현마을5단지(주공),8,1~10,84.7,554,41135,6
129500,2009,2018,백현동,백현마을7단지(주공),8,1~10,84.61,556,41135,13
111000,2009,2018,백현동,백현마을7단지(주공),8,1~10,84.73,556,41135,1
168000,2011,2018,백현동,판교푸르지오그랑블,8,1~10,98.986,542,41135,15
163800,2011,2018,백현동,판교푸르지오그랑블,8,11~20,98.986,542,41135,12
123700,2009,2018,백현동,백현마을7단지(주공),8,11~20,84.7,556,41135,17
220000,2015,2018,백현동,판교알파리움2단지,8,11~20,142.013,530,41135,14
164000,2015,2018,백현동,판교알파리움1단지,8,11~20,129.253,531,41135,13
164500,2015,2018,백현동,판교알파리움2단지,8,11~20,129.477,530,41135,11
115000,2009,2018,백현동,백현마을5단지(주공),8,11~20,84.73,554,41135,1
138000,2015,2018,백현동,판교알파리움2단지,8,11~20,96.815,530,41135,18
136000,2009,2018,백현동,백현마을2단지(주공)일부임대,8,11~20,84.5,545,41135,9
127800,2009,2018,백현동,백현마을2단지(주공)일부임대,8,11~20,84.5,545,41135,6
157000,2009,2018,백현동,백현마을9단지(e편한세상),8,11~20,117.2,525,41135,9
125000,2009,2018,백현동,백현마을5단지(주공),8,11~20,84.7,554,41135,9
156000,2009,2018,백현동,백현마을9단지(e편한세상),8,21~31,117.2,525,41135,6
155000,2011,2018,백현동,판교푸르지오그랑블,8,21~31,98.986,542,41135,10
113000,2009,2018,백현동,백현마을7단지(주공),8,21~31,84.61,556,41135,1
137500,2015,2018,백현동,판교알파리움2단지,8,21~31,96.815,530,41135,20
124500,2009,2018,백현동,백현마을7단지(주공),8,21~31,84.61,556,41135,3
59100,1995,2018,금곡동,청솔마을(한라),8,1~10,58.8,181,41135,10
60000,1995,2018,금곡동,청솔마을(한라),8,1~10,58.8,181,41135,4
82000,1995,2018,금곡동,청솔마을(영남),8,1~10,84.96,177,41135,15
58100,1994,2018,금곡동,청솔마을(공무원),8,1~10,58.19,125,41135,10
79700,2003,2018,금곡동,두산위브트레지움,8,1~10,84.77,192,41135,2
58500,1996,2018,금곡동,청솔마을(계룡),8,1~10,55.44,176,41135,3
47800,1996,2018,금곡동,청솔마을(주공9단지),8,1~10,42.84,133,41135,13
59900,1995,2018,금곡동,청솔마을(서광),8,11~20,53.6,177,41135,14
77000,1995,2018,금곡동,청솔마을(유천),8,11~20,84.6,180,41135,13
94000,2003,2018,금곡동,두산위브트레지움,8,11~20,120.14,192,41135,6
58000,1994,2018,금곡동,청솔마을(공무원),8,11~20,58.19,125,41135,10
37000,1995,2018,금곡동,청솔마을(주공9단지),8,11~20,36.54,133,41135,15
97500,1994,2018,금곡동,청솔마을(성원),8,11~20,134.67,143,41135,16
60000,1996,2018,금곡동,청솔마을(계룡),8,11~20,55.44,176,41135,11
37500,1995,2018,금곡동,청솔마을(주공9단지),8,11~20,36.54,133,41135,1
59700,2004,2018,금곡동,삼라마이다스빌,8,11~20,84.69,208,41135,4
83800,1994,2018,금곡동,청솔마을(대원),8,11~20,84.97,141,41135,13
80000,1995,2018,금곡동,청솔마을(서광),8,11~20,84.96,177,41135,19
47000,1996,2018,금곡동,청솔마을(주공9단지),8,11~20,42.84,133,41135,8
79500,1995,2018,금곡동,청솔마을(유천),8,11~20,84.6,180,41135,24
59500,1996,2018,금곡동,청솔마을(계룡),8,11~20,55.44,176,41135,15
84700,2004,2018,금곡동,코오롱더프라우,8,11~20,153.948,201,41135,9
38500,1995,2018,금곡동,청솔마을(주공9단지),8,11~20,36.54,133,41135,6
48000,1996,2018,금곡동,청솔마을(주공9단지),8,11~20,42.84,133,41135,4
48000,1996,2018,금곡동,청솔마을(주공9단지),8,11~20,42.84,133,41135,3
92000,2003,2018,금곡동,두산위브트레지움,8,11~20,147.6,192,41135,2
61000,1995,2018,금곡동,청솔마을(공무원),8,11~20,58.71,125,41135,13
75500,1995,2018,금곡동,청솔마을(한라),8,11~20,84.39,181,41135,13
43000,1995,2018,금곡동,청솔마을(유천),8,11~20,40.5,180,41135,12
93000,2003,2018,금곡동,두산위브트레지움,8,11~20,147.52,192,41135,14
98000,1994,2018,금곡동,청솔마을(성원),8,11~20,134.67,143,41135,20
48000,1996,2018,금곡동,청솔마을(주공9단지),8,11~20,42.84,133,41135,11
37000,1995,2018,금곡동,청솔마을(주공9단지),8,11~20,36.54,133,41135,3
77000,1995,2018,금곡동,청솔마을(유천),8,11~20,84.6,180,41135,8
48500,1996,2018,금곡동,청솔마을(주공9단지),8,11~20,42.84,133,41135,16
93800,1995,2018,금곡동,청솔마을(대원),8,11~20,129.45,141,41135,10
90000,1995,2018,금곡동,청솔마을(동아),8,21~31,135.0,132,41135,3
80500,1995,2018,금곡동,청솔마을(유천),8,21~31,84.6,180,41135,12
79000,1995,2018,금곡동,청솔마을(유천),8,21~31,84.6,180,41135,5
48000,1996,2018,금곡동,청솔마을(주공9단지),8,21~31,42.84,133,41135,5
39000,1995,2018,금곡동,청솔마을(주공9단지),8,21~31,36.54,133,41135,1
97000,1995,2018,금곡동,청솔마을(대원),8,21~31,129.45,141,41135,5
39500,1995,2018,금곡동,청솔마을(주공9단지),8,21~31,36.54,133,41135,4
80000,1995,2018,금곡동,청솔마을(유천),8,21~31,84.6,180,41135,11
59900,1994,2018,금곡동,청솔마을(대원),8,21~31,101.67,141,41135,2
56500,1995,2018,금곡동,청솔마을(공무원),8,21~31,58.71,125,41135,1
64500,1995,2018,금곡동,청솔마을(한라),8,21~31,58.8,181,41135,10
81000,1994,2018,금곡동,청솔마을(대원),8,21~31,84.97,141,41135,7
97700,1994,2018,금곡동,청솔마을(성원),8,21~31,134.67,143,41135,25
95000,2003,2018,금곡동,두산위브트레지움,8,21~31,147.6,192,41135,17
52000,1996,2018,금곡동,청솔마을(주공9단지),8,21~31,42.84,133,41135,12
57700,1995,2018,금곡동,청솔마을(서광),8,21~31,53.6,177,41135,2
90000,1994,2018,금곡동,청솔마을(대원),8,21~31,101.67,141,41135,10
44700,1995,2018,금곡동,청솔마을(유천),8,21~31,40.5,180,41135,11
81000,1994,2018,금곡동,청솔마을(대원),8,21~31,84.97,141,41135,4
76000,2004,2018,금곡동,분당하우스토리,8,21~31,84.68,202,41135,18
98500,1994,2018,금곡동,청솔마을(성원),8,21~31,134.67,143,41135,14
44000,1996,2018,금곡동,청솔마을(주공9단지),8,21~31,42.84,133,41135,2
40000,1995,2018,금곡동,청솔마을(주공9단지),8,21~31,36.54,133,41135,2
40000,1995,2018,금곡동,청솔마을(주공9단지),8,21~31,36.54,133,41135,13
78800,1996,2018,금곡동,청솔마을(계룡),8,21~31,84.97,176,41135,2
97000,2003,2018,금곡동,두산위브트레지움,8,21~31,147.6,192,41135,5
61500,1995,2018,금곡동,청솔마을(한라),8,21~31,58.8,181,41135,6
81000,1996,2018,금곡동,청솔마을(계룡),8,21~31,84.97,176,41135,2
50000,1996,2018,금곡동,청솔마을(주공9단지),8,21~31,42.84,133,41135,13
39000,1995,2018,금곡동,청솔마을(주공9단지),8,21~31,36.54,133,41135,9
65000,1995,2018,금곡동,청솔마을(공무원),8,21~31,58.71,125,41135,10
57500,1995,2018,금곡동,청솔마을(영남),8,21~31,53.6,177,41135,2
95000,2003,2018,금곡동,두산위브트레지움,8,21~31,147.6,192,41135,15
48300,1996,2018,금곡동,청솔마을(주공9단지),8,21~31,42.84,133,41135,5
63000,1994,2018,금곡동,청솔마을(공무원),8,21~31,58.19,125,41135,6
38500,1996,2018,구미동,무지개(12단지)(주공뜨란체),8,1~10,49.67,212,41135,7
59900,1996,2018,구미동,무지개(3단지)(신한),8,1~10,84.768,201,41135,7
52000,1996,2018,구미동,까치마을(2단지)(주공),8,1~10,49.67,88,41135,6
82000,1995,2018,구미동,까치마을(1단지)(대우롯데선경),8,1~10,84.79,77,41135,15
37300,1996,2018,구미동,무지개(3단지)(신한),8,1~10,53.46,201,41135,5
34000,1996,2018,구미동,하얀마을(5단지)(주공),8,1~10,39.01,110,41135,3
85000,1995,2018,구미동,까치마을(1단지)(대우롯데선경),8,1~10,84.79,77,41135,16
62500,1995,2018,구미동,무지개(2단지)(엘지),8,1~10,84.822,202,41135,14
82900,1995,2018,구미동,까치마을(1단지)(대우롯데선경),8,1~10,84.79,77,41135,14
49400,1995,2018,구미동,까치마을(1단지)(대우롯데선경),8,1~10,51.32,77,41135,1
36400,1996,2018,구미동,하얀마을(5단지)(주공),8,1~10,39.01,110,41135,8
35000,1996,2018,구미동,하얀마을(5단지)(주공),8,1~10,38.07,110,41135,12
35800,1996,2018,구미동,무지개(12단지)(주공뜨란체),8,1~10,49.67,212,41135,25
72500,1996,2018,구미동,무지개(10단지)(건영),8,1~10,101.82,222,41135,10
39200,1995,2018,구미동,무지개(5단지)(청구),8,1~10,58.49,221,41135,1
75000,1995,2018,구미동,까치마을(1단지)(대우롯데선경),8,1~10,70.66,77,41135,13
65000,1996,2018,구미동,무지개(3단지)(건영),8,1~10,84.97,201,41135,14
75000,1995,2018,구미동,까치마을(1단지)(대우롯데선경),8,1~10,70.66,77,41135,19
81500,1995,2018,구미동,까치마을(3단지)(신원),8,1~10,84.8,66,41135,9
72000,1995,2018,구미동,까치마을(1단지)(대우롯데선경),8,1~10,70.66,77,41135,4
84000,1995,2018,구미동,까치마을(4단지)(선경),8,1~10,84.79,63,41135,17
47000,1995,2018,구미동,무지개(4단지)(주공),8,1~10,58.14,220,41135,12
58500,1995,2018,구미동,무지개(1단지)(대림),8,1~10,84.97,211,41135,7
72000,1996,2018,구미동,무지개(1단지)(대림),8,1~10,127.17,211,41135,13
78000,1995,2018,구미동,무지개(2단지)(엘지),8,1~10,134.94,202,41135,16
63000,1995,2018,구미동,무지개(2단지)(엘지),8,11~20,84.822,202,41135,13
65500,1995,2018,구미동,무지개(5단지)(청구),8,11~20,85.0,221,41135,4
73500,1995,2018,구미동,까치마을(4단지)(선경),8,11~20,70.66,63,41135,16
62000,1996,2018,구미동,무지개(3단지)(신한),8,11~20,84.768,201,41135,11
40000,1995,2018,구미동,무지개(12단지)(주공뜨란체),8,11~20,58.14,212,41135,5
36800,1995,2018,구미동,무지개(1단지)(대림),8,11~20,47.52,211,41135,14
67250,1995,2018,구미동,무지개(5단지)(청구),8,11~20,85.0,221,41135,21
51500,1995,2018,구미동,까치마을(1단지)(대우롯데선경),8,11~20,51.32,77,41135,4
68200,1996,2018,구미동,무지개(10단지)(건영),8,11~20,101.82,222,41135,16
40750,1996,2018,구미동,무지개(12단지)(주공뜨란체),8,11~20,59.98,212,41135,17
94000,1995,2018,구미동,까치마을(3단지)(신원),8,11~20,130.83,66,41135,9
42900,1995,2018,구미동,무지개(2단지)(엘지),8,11~20,49.83,202,41135,13
40300,1995,2018,구미동,무지개(12단지)(주공뜨란체),8,11~20,58.14,212,41135,12
94500,1995,2018,구미동,까치마을(3단지)(신원),8,11~20,130.83,66,41135,3
35700,1995,2018,구미동,무지개(12단지)(주공뜨란체),8,11~20,49.36,212,41135,11
49500,1995,2018,구미동,무지개(5단지)(청구),8,11~20,58.49,221,41135,18
36400,1996,2018,구미동,하얀마을(5단지)(주공),8,11~20,39.01,110,41135,13
54800,1996,2018,구미동,무지개(3단지)(신한),8,11~20,69.72,201,41135,16
64000,1995,2018,구미동,무지개(2단지)(엘지),8,11~20,84.822,202,41135,10
71000,1995,2018,구미동,까치마을(1단지)(대우롯데선경),8,11~20,70.66,77,41135,5
66500,1996,2018,구미동,무지개(3단지)(건영),8,11~20,84.97,201,41135,6
63500,1995,2018,구미동,무지개(5단지)(청구),8,11~20,85.0,221,41135,7
36000,1996,2018,구미동,하얀마을(5단지)(주공),8,11~20,39.01,110,41135,2
34900,1996,2018,구미동,하얀마을(5단지)(주공),8,11~20,38.07,110,41135,19
75000,1995,2018,구미동,무지개(7단지)(라이프),8,11~20,162.39,242,41135,3
37000,1996,2018,구미동,하얀마을(5단지)(주공),8,11~20,38.07,110,41135,4
36400,1996,2018,구미동,하얀마을(5단지)(주공),8,11~20,39.01,110,41135,6
35800,1996,2018,구미동,하얀마을(5단지)(주공),8,11~20,39.01,110,41135,14
79000,1996,2018,구미동,무지개(10단지)(삼성),8,11~20,134.97,222,41135,16
42000,1995,2018,구미동,무지개(2단지)(엘지),8,11~20,49.83,202,41135,9
70800,1995,2018,구미동,무지개(2단지)(엘지),8,11~20,134.94,202,41135,1
98000,1995,2018,구미동,까치마을(1단지)(대우롯데선경),8,11~20,134.83,77,41135,14
48500,1995,2018,구미동,무지개(4단지)(주공),8,11~20,58.14,220,41135,9
64500,1995,2018,구미동,무지개(2단지)(엘지),8,11~20,84.822,202,41135,3
56500,1996,2018,구미동,무지개(3단지)(건영),8,11~20,68.16,201,41135,9
54000,1995,2018,구미동,무지개(11단지)(금강센테리움),8,11~20,84.99,213,41135,3
37000,1996,2018,구미동,하얀마을(5단지)(주공),8,11~20,38.07,110,41135,2
66500,1995,2018,구미동,무지개(5단지)(청구),8,11~20,85.0,221,41135,17
36300,1995,2018,구미동,무지개(11단지)(금강센테리움),8,11~20,49.77,213,41135,3
45400,1995,2018,구미동,무지개(4단지)(주공),8,11~20,58.14,220,41135,1
69200,1995,2018,구미동,무지개(6단지)(건영),8,11~20,101.82,225,41135,15
85000,1995,2018,구미동,까치마을(1단지)(대우롯데선경),8,11~20,84.79,77,41135,10
57500,1995,2018,구미동,무지개(1단지)(대림),8,11~20,84.97,211,41135,6
60000,1996,2018,구미동,까치마을(2단지)(주공),8,11~20,59.98,88,41135,19
55300,1995,2018,구미동,까치마을(2단지)(주공),8,21~31,58.14,88,41135,2
72000,1995,2018,구미동,무지개(7단지)(라이프),8,21~31,132.36,242,41135,5
42800,1995,2018,구미동,무지개(1단지)(대림),8,21~31,60.72,211,41135,12
95000,1995,2018,구미동,까치마을(3단지)(신원),8,21~31,130.83,66,41135,12
74000,1995,2018,구미동,무지개(6단지)(건영),8,21~31,134.82,225,41135,7
47300,1995,2018,구미동,무지개(4단지)(주공),8,21~31,58.14,220,41135,15
74000,1995,2018,구미동,까치마을(1단지)(대우롯데선경),8,21~31,70.66,77,41135,3
81000,1995,2018,구미동,까치마을(3단지)(신원),8,21~31,84.8,66,41135,4
36500,1995,2018,구미동,하얀마을(5단지)(주공),8,21~31,36.0,110,41135,6
75000,1995,2018,구미동,까치마을(4단지)(롯데),8,21~31,70.66,63,41135,3
42500,1996,2018,구미동,무지개(3단지)(신한),8,21~31,53.46,201,41135,5
35600,1996,2018,구미동,하얀마을(5단지)(주공),8,21~31,38.07,110,41135,17
37500,1996,2018,구미동,하얀마을(5단지)(주공),8,21~31,39.01,110,41135,6
46500,1995,2018,구미동,무지개(4단지)(주공),8,21~31,59.98,220,41135,3
83000,1995,2018,구미동,까치마을(3단지)(신원),8,21~31,84.8,66,41135,13
49700,1995,2018,구미동,무지개(4단지)(주공),8,21~31,58.14,220,41135,9
47900,1995,2018,구미동,무지개(4단지)(주공),8,21~31,58.14,220,41135,10
72000,1996,2018,구미동,무지개(1단지)(대림),8,21~31,127.17,211,41135,24
69000,1996,2018,구미동,무지개(3단지)(신한),8,21~31,84.768,201,41135,16
59500,1995,2018,구미동,무지개(1단지)(대림),8,21~31,84.97,211,41135,8
55300,1995,2018,구미동,까치마을(2단지)(주공),8,21~31,58.14,88,41135,3
57000,1995,2018,구미동,까치마을(4단지)(선경),8,21~31,51.32,63,41135,10
69000,1995,2018,구미동,무지개(8단지)(제일),8,21~31,101.91,243,41135,9
39000,1995,2018,구미동,하얀마을(5단지)(주공),8,21~31,35.28,110,41135,7
75000,1995,2018,구미동,무지개(2단지)(엘지),8,21~31,134.94,202,41135,23
94000,1995,2018,구미동,까치마을(3단지)(신원),8,21~31,101.86,66,41135,15
60000,1995,2018,구미동,무지개(1단지)(대림),8,21~31,84.97,211,41135,5
60000,1995,2018,구미동,무지개(1단지)(대림),8,21~31,84.97,211,41135,11
75500,1995,2018,구미동,까치마을(4단지)(롯데),8,21~31,70.66,63,41135,6
43000,1996,2018,구미동,무지개(3단지)(건영),8,21~31,53.83,201,41135,6
48300,1995,2018,구미동,까치마을(4단지)(롯데),8,21~31,51.32,63,41135,1
68000,1995,2018,구미동,무지개(5단지)(청구),8,21~31,85.0,221,41135,3
50500,1995,2018,구미동,까치마을(2단지)(주공),8,21~31,49.36,88,41135,1
43000,1996,2018,구미동,무지개(3단지)(신한),8,21~31,53.46,201,41135,4
34000,1995,2018,구미동,하얀마을(5단지)(주공),8,21~31,35.28,110,41135,8
41900,1996,2018,구미동,무지개(12단지)(주공뜨란체),8,21~31,59.98,212,41135,18
75000,1996,2018,구미동,무지개(10단지)(삼성),8,21~31,101.82,222,41135,12
43500,1996,2018,구미동,무지개(3단지)(신한),8,21~31,53.46,201,41135,10
110000,1995,2018,구미동,까치마을(1단지)(대우롯데선경),8,21~31,134.83,77,41135,7
93000,1995,2018,구미동,까치마을(4단지)(선경),8,21~31,84.79,63,41135,9
78000,1995,2018,구미동,무지개(7단지)(라이프),8,21~31,162.39,242,41135,6
36000,1996,2018,구미동,하얀마을(5단지)(주공),8,21~31,38.07,110,41135,1
71000,1995,2018,구미동,무지개(5단지)(청구),8,21~31,85.0,221,41135,14
76000,1996,2018,구미동,무지개(10단지)(삼성),8,21~31,101.82,222,41135,11
80000,1995,2018,구미동,무지개(6단지)(건영),8,21~31,134.82,225,41135,6
59500,1995,2018,구미동,무지개(2단지)(엘지),8,21~31,72.018,202,41135,15
43500,1996,2018,구미동,무지개(3단지)(신한),8,21~31,53.46,201,41135,12
59000,1995,2018,구미동,까치마을(1단지)(대우롯데선경),8,21~31,51.32,77,41135,8
60000,1996,2018,구미동,까치마을(2단지)(주공),8,21~31,59.98,88,41135,3
75000,1995,2018,구미동,무지개(2단지)(엘지),8,21~31,101.85,202,41135,18
65000,1996,2018,구미동,무지개(10단지)(건영),8,21~31,101.82,222,41135,1
55000,1995,2018,구미동,무지개(2단지)(엘지),8,21~31,72.018,202,41135,11
72700,1995,2018,구미동,까치마을(3단지)(신원),8,21~31,59.9,66,41135,13
83900,2009,2018,운중동,산운마을10단지(대광로제비앙),8,1~10,59.941,949,41135,4
90000,2010,2018,운중동,산운마을13단지(태영)일부임대,8,11~20,84.82,918,41135,23
109000,2009,2018,운중동,산운마을14단지(경남아너스빌),8,11~20,115.44,916,41135,13
88000,2010,2018,운중동,산운마을13단지(태영)일부임대,8,11~20,84.82,918,41135,10
108000,2009,2018,운중동,산운마을14단지(경남아너스빌),8,11~20,115.39,916,41135,11
109750,2009,2018,운중동,산운마을14단지(경남아너스빌),8,21~31,115.44,916,41135,15
99000,2009,2018,운중동,산운마을14단지(경남아너스빌),8,21~31,101.25,916,41135,16
99800,2009,2018,운중동,산운마을5단지(한성필하우스),8,21~31,84.6283,989,41135,7
98000,2010,2018,운중동,산운마을13단지(태영)일부임대,8,21~31,84.82,918,41135,13
117000,2009,2018,운중동,산운마을14단지(경남아너스빌),8,21~31,115.5,916,41135,4
